,Symbol  ,Series  ,Date  ,Prev Close  ,Open Price  ,High Price  ,Low Price  ,Last Price  ,Close Price  ,Average Price ,Total Traded Quantity  ,Turnover â‚¹  ,No. of Trades  ,Deliverable Qty  ,% Dly Qt to Traded Qty  
0,MSUMI,EQ,30-Jun-2022,69.85,69.7,71.8,69.4,70.3,70.4,70.48,"43,85,425","30,90,89,190.20","20,522","27,76,409",63.31
1,MSUMI,EQ,01-Jul-2022,70.4,70.65,70.65,68.95,70.05,70.05,69.56,"22,03,462","15,32,66,080.55","19,129","13,86,267",62.91
2,MSUMI,EQ,04-Jul-2022,70.05,69.9,74.5,69.8,74.0,74.1,73.42,"54,17,415","39,77,58,432.40","26,615","34,46,421",63.62
3,MSUMI,EQ,05-Jul-2022,74.1,74.35,77.8,74.05,75.45,75.6,75.65,"94,06,058","71,15,77,467.55","40,874","56,94,075",60.54
4,MSUMI,EQ,06-Jul-2022,75.6,75.5,78.5,75.0,77.6,77.8,76.98,"60,89,135","46,87,63,149.65","29,887","30,90,663",50.76
5,MSUMI,EQ,07-Jul-2022,77.8,78.55,79.4,74.4,74.8,74.85,76.66,"47,19,178","36,17,83,511.05","31,430","27,22,343",57.69
6,MSUMI,EQ,08-Jul-2022,74.85,74.85,75.85,73.1,73.5,73.7,74.54,"31,06,973","23,15,99,646.65","20,313","16,42,626",52.87
7,MSUMI,EQ,11-Jul-2022,73.7,72.15,79.0,72.15,78.15,77.8,75.63,"60,43,447","45,70,42,520.00","30,213","38,61,162",63.89
8,MSUMI,EQ,12-Jul-2022,77.8,77.9,79.65,76.8,77.0,77.35,78.03,"62,82,682","49,02,27,638.75","37,215","35,86,741",57.09
9,MSUMI,EQ,13-Jul-2022,77.35,77.6,78.25,76.7,77.5,77.35,77.4,"20,55,050","15,90,66,949.60","38,746","11,68,224",56.85
10,MSUMI,EQ,14-Jul-2022,77.35,77.0,79.3,77.0,78.7,78.9,78.28,"46,64,221","36,50,99,829.80","35,973","32,01,879",68.65
11,MSUMI,EQ,15-Jul-2022,78.9,79.3,81.3,79.1,79.8,79.9,80.0,"53,93,530","43,14,73,249.25","24,783","39,11,900",72.53
12,MSUMI,EQ,18-Jul-2022,79.9,80.5,81.65,79.3,79.55,79.65,80.16,"34,35,504","27,53,81,337.05","57,820","20,33,966",59.20
13,MSUMI,EQ,19-Jul-2022,79.65,79.9,79.9,75.55,76.6,76.5,77.33,"38,25,906","29,58,65,142.85","27,278","19,70,100",51.49
14,MSUMI,EQ,20-Jul-2022,76.5,77.7,78.9,76.6,77.95,77.8,77.8,"28,90,505","22,48,91,278.90","19,507","17,35,678",60.05
15,MSUMI,EQ,21-Jul-2022,77.8,77.75,82.7,77.0,81.0,81.55,79.72,"55,11,842","43,94,17,428.80","26,130","31,37,321",56.92
16,MSUMI,EQ,22-Jul-2022,81.55,81.65,81.7,79.65,80.35,80.6,80.65,"24,30,643","19,60,30,706.95","21,097","10,72,737",44.13
17,MSUMI,EQ,25-Jul-2022,80.6,80.95,82.2,79.2,80.45,80.25,80.47,"20,73,154","16,68,18,581.00","17,126","9,24,716",44.60
18,MSUMI,EQ,26-Jul-2022,80.25,80.6,80.6,78.6,80.25,79.9,79.35,"24,45,065","19,40,26,688.25","23,689","15,28,374",62.51
19,MSUMI,EQ,27-Jul-2022,79.9,79.9,80.65,78.7,79.4,79.9,79.88,"20,93,221","16,72,09,175.60","25,347","12,54,783",59.95
20,MSUMI,EQ,28-Jul-2022,79.9,80.3,81.3,79.5,79.95,79.9,80.29,"26,94,779","21,63,65,583.25","20,240","17,25,589",64.03
21,MSUMI,EQ,29-Jul-2022,79.9,80.05,80.45,76.4,77.3,77.3,78.44,"35,50,442","27,85,14,076.95","20,623","23,88,443",67.27
22,MSUMI,EQ,01-Aug-2022,77.3,77.5,79.0,76.8,77.1,77.15,77.78,"27,67,238","21,52,25,995.45","33,506","16,57,610",59.90
23,MSUMI,EQ,02-Aug-2022,77.15,77.1,78.45,76.1,78.0,77.5,77.18,"25,75,239","19,87,58,344.65","21,425","16,09,341",62.49
24,MSUMI,EQ,03-Aug-2022,77.5,77.5,79.4,77.2,77.85,77.5,78.02,"33,49,041","26,12,94,082.65","24,616","22,13,664",66.10
25,MSUMI,EQ,04-Aug-2022,77.5,77.75,79.9,76.3,79.25,79.45,78.15,"61,98,585","48,44,24,099.50","35,416","43,01,804",69.40
26,MSUMI,EQ,05-Aug-2022,79.45,80.1,84.4,79.05,79.5,79.45,81.17,"88,96,646","72,21,32,050.45","64,313","32,59,171",36.63
27,MSUMI,EQ,08-Aug-2022,79.45,80.5,80.85,78.4,78.95,78.95,79.23,"37,65,425","29,83,31,795.00","34,798","24,18,408",64.23
28,MSUMI,EQ,10-Aug-2022,78.95,79.0,80.8,78.75,79.7,79.85,79.5,"52,92,212","42,07,53,268.90","36,166","37,84,658",71.51
29,MSUMI,EQ,11-Aug-2022,79.85,80.7,80.9,78.4,78.65,78.9,79.62,"60,06,151","47,82,14,813.20","28,910","40,04,411",66.67
30,MSUMI,EQ,12-Aug-2022,78.9,78.05,78.6,77.4,78.35,78.3,78.21,"15,21,151","11,89,70,488.50","21,272","6,77,282",44.52
31,MSUMI,EQ,16-Aug-2022,78.3,78.95,81.6,78.35,80.25,80.25,80.28,"65,34,623","52,45,95,132.10","44,050","32,34,864",49.50
32,MSUMI,EQ,17-Aug-2022,80.25,80.65,80.95,79.35,79.7,79.9,79.93,"30,48,428","24,36,58,142.70","28,323","15,80,100",51.83
33,MSUMI,EQ,18-Aug-2022,79.9,79.9,82.0,79.2,79.4,79.6,80.32,"35,49,318","28,50,67,943.40","32,072","20,22,372",56.98
34,MSUMI,EQ,19-Aug-2022,79.6,80.2,80.5,76.75,78.1,78.0,78.71,"50,14,295","39,46,66,861.15","38,394","34,06,651",67.94
35,MSUMI,EQ,22-Aug-2022,78.0,78.0,79.0,77.6,78.25,78.15,78.25,"29,89,637","23,39,31,459.45","37,009","16,26,275",54.40
36,MSUMI,EQ,23-Aug-2022,78.15,78.2,80.8,77.75,80.35,80.25,79.53,"91,49,543","72,76,53,254.90","43,203","69,92,923",76.43
37,MSUMI,EQ,24-Aug-2022,80.25,80.8,82.0,79.05,79.15,79.4,80.35,"43,31,696","34,80,41,263.50","38,234","21,92,241",50.61
38,MSUMI,EQ,25-Aug-2022,79.4,79.8,81.2,78.15,79.8,79.7,79.48,"86,91,268","69,07,51,396.75","36,791","56,95,541",65.53
39,MSUMI,EQ,26-Aug-2022,79.7,80.0,80.85,79.9,80.0,79.95,80.15,"19,15,892","15,35,63,584.25","22,764","9,73,121",50.79
40,MSUMI,EQ,29-Aug-2022,79.95,78.0,79.5,77.55,78.45,78.3,78.27,"39,93,551","31,25,65,719.85","24,066","28,12,721",70.43
41,MSUMI,EQ,30-Aug-2022,78.3,79.5,87.65,79.05,80.95,81.5,82.3,"1,07,49,362","88,46,49,724.60","61,153","52,87,187",49.19
42,MSUMI,EQ,01-Sep-2022,81.5,81.4,83.4,79.1,79.7,79.55,80.84,"55,04,919","44,50,42,374.50","37,510","30,17,830",54.82
43,MSUMI,EQ,02-Sep-2022,79.55,80.35,84.6,80.05,81.85,81.8,81.97,"1,64,23,982","1,34,62,88,650.35","49,355","1,27,70,497",77.76
44,MSUMI,EQ,05-Sep-2022,81.8,82.6,84.95,81.15,83.75,83.3,83.54,"71,64,658","59,85,28,700.50","36,677","38,16,977",53.28
45,MSUMI,EQ,06-Sep-2022,83.3,84.85,86.15,83.8,84.2,84.35,85.1,"83,37,476","70,95,54,938.20","38,568","53,58,404",64.27
46,MSUMI,EQ,07-Sep-2022,84.35,84.2,87.0,83.8,84.8,84.75,85.37,"85,58,897","73,06,85,497.05","41,069","48,31,136",56.45
47,MSUMI,EQ,08-Sep-2022,84.75,85.95,93.75,85.5,90.0,89.7,89.7,"1,79,90,399","1,61,37,25,514.85","83,599","85,03,475",47.27
48,MSUMI,EQ,09-Sep-2022,89.7,91.0,94.05,90.65,90.85,91.1,91.98,"1,30,80,791","1,20,32,13,203.10","53,188","84,24,448",64.40
49,MSUMI,EQ,12-Sep-2022,91.1,92.05,92.05,89.35,89.7,89.7,90.21,"53,31,954","48,09,87,819.65","50,678","32,99,710",61.89
50,MSUMI,EQ,13-Sep-2022,89.7,90.45,91.75,89.8,91.35,91.25,91.18,"98,12,046","89,46,23,079.10","39,932","77,07,869",78.56
51,MSUMI,EQ,14-Sep-2022,91.25,89.5,91.15,89.05,89.9,89.95,90.27,"70,71,218","63,82,98,633.45","40,231","51,81,463",73.28
52,MSUMI,EQ,15-Sep-2022,89.95,90.5,92.0,89.3,92.0,91.05,90.54,"34,55,737","31,28,65,307.90","35,577","20,62,231",59.68
53,MSUMI,EQ,16-Sep-2022,91.05,91.5,91.5,85.2,90.5,86.8,87.08,"4,69,05,250","4,08,45,01,818.35","60,142","3,65,24,389",77.87
54,MSUMI,EQ,19-Sep-2022,86.8,89.45,90.3,87.4,87.65,87.95,88.33,"28,46,975","25,14,76,397.15","25,354","13,61,591",47.83
55,MSUMI,EQ,20-Sep-2022,87.95,88.35,89.65,87.2,87.75,87.8,88.0,"16,57,215","14,58,40,029.55","20,303","6,75,990",40.79
56,MSUMI,EQ,21-Sep-2022,87.8,88.0,90.25,86.15,86.7,86.8,88.29,"36,53,192","32,25,41,934.20","28,729","16,43,486",44.99
57,MSUMI,EQ,22-Sep-2022,86.8,86.45,89.5,85.85,88.5,88.85,87.69,"37,86,210","33,20,22,200.50","34,354","17,82,116",47.07
58,MSUMI,EQ,23-Sep-2022,88.85,89.45,89.45,85.5,85.85,86.0,87.16,"21,98,523","19,16,22,743.35","37,266","11,40,767",51.89
59,MSUMI,EQ,26-Sep-2022,86.0,84.35,85.9,82.0,85.05,84.6,84.02,"65,45,341","54,99,43,630.65","41,634","42,59,658",65.08
60,MSUMI,EQ,27-Sep-2022,84.6,85.8,86.4,83.65,85.0,84.3,84.87,"33,12,620","28,11,36,354.00","22,992","22,28,116",67.26
61,MSUMI,EQ,28-Sep-2022,84.3,89.0,89.8,84.15,84.55,84.75,86.76,"91,90,825","79,73,74,027.65","53,032","35,59,471",38.73
62,MSUMI,EQ,29-Sep-2022,84.75,86.4,88.45,84.75,87.5,86.65,86.19,"51,37,185","44,27,85,533.90","31,296","31,29,317",60.92
63,MSUMI,EQ,30-Sep-2022,86.65,87.2,88.6,85.35,87.15,87.5,86.76,"76,28,317","66,17,94,869.50","60,645","42,70,274",55.98
64,MSUMI,BL,03-Oct-2022,234.8,87.5,87.5,87.5,87.5,87.5,87.5,"18,97,633","16,60,42,887.50",1,-,-
65,MSUMI,EQ,03-Oct-2022,87.5,87.6,89.1,86.7,87.5,87.55,87.73,"64,30,820","56,41,54,253.10","37,910","46,37,203",72.11
66,MSUMI,EQ,04-Oct-2022,87.55,88.65,88.65,86.75,87.5,87.2,87.66,"19,82,588","17,37,99,954.30","39,682","12,15,803",61.32
67,MSUMI,EQ,06-Oct-2022,87.2,88.0,89.5,87.55,87.8,87.8,88.21,"21,91,228","19,32,81,847.90","49,023","11,35,239",51.81
68,MSUMI,EQ,07-Oct-2022,87.8,87.8,88.15,86.8,87.25,87.05,87.21,"22,10,023","19,27,37,036.90","37,788","16,17,829",73.20
69,MSUMI,EQ,10-Oct-2022,87.05,87.0,88.25,86.15,87.0,86.8,87.25,"18,26,490","15,93,56,214.15","31,406","9,33,056",51.08
70,MSUMI,EQ,11-Oct-2022,86.8,87.0,87.4,85.15,85.8,85.7,86.58,"18,02,649","15,60,74,094.35","35,886","11,38,938",63.18
71,MSUMI,EQ,12-Oct-2022,85.7,86.0,87.1,85.65,85.95,85.95,86.1,"15,06,149","12,96,85,956.55","36,530","8,41,609",55.88
72,MSUMI,EQ,13-Oct-2022,85.95,85.95,88.0,85.75,87.7,87.25,87.1,"27,46,967","23,92,62,711.40","39,854","16,16,890",58.86
73,MSUMI,EQ,14-Oct-2022,87.25,88.0,90.65,87.65,88.8,88.75,88.95,"24,03,533","21,37,92,557.85","22,148","13,13,984",54.67
74,MSUMI,BL,17-Oct-2022,87.5,88.75,88.75,88.75,88.75,88.75,88.75,"25,85,962","22,95,04,127.50",1,-,-
75,MSUMI,EQ,17-Oct-2022,88.75,88.95,89.2,88.15,88.6,88.65,88.67,"8,14,677","7,22,36,255.65","20,085","3,86,687",47.47
76,MSUMI,EQ,18-Oct-2022,88.65,88.8,89.6,86.8,87.15,87.1,87.64,"17,19,818","15,07,22,010.45","49,347","9,80,823",57.03
77,MSUMI,EQ,19-Oct-2022,87.1,87.45,89.9,87.2,89.05,89.15,88.56,"23,59,465","20,89,60,400.90","30,157","13,89,313",58.88
78,MSUMI,EQ,20-Oct-2022,89.15,89.0,89.25,87.3,87.75,87.65,87.81,"13,42,945","11,79,26,983.90","26,210","7,36,706",54.86
79,MSUMI,EQ,21-Oct-2022,87.65,88.1,88.3,85.1,85.9,85.6,85.86,"30,42,795","26,12,48,505.25","45,070","18,97,487",62.36
80,MSUMI,EQ,24-Oct-2022,85.6,86.75,87.3,86.15,86.95,86.85,86.86,"2,86,712","2,49,04,997.65","5,407","2,01,588",70.31
81,MSUMI,EQ,25-Oct-2022,86.85,86.25,87.25,85.7,86.5,86.3,86.45,"10,95,353","9,46,89,973.55","32,003","7,00,920",63.99
82,MSUMI,EQ,27-Oct-2022,86.3,86.75,87.1,85.5,86.0,86.25,86.26,"30,19,357","26,04,62,717.65","45,778","24,15,149",79.99
83,MSUMI,EQ,28-Oct-2022,86.25,86.25,87.7,80.9,84.15,84.35,85.71,"27,60,439","23,65,90,581.20","27,746","17,48,887",63.36
84,MSUMI,EQ,31-Oct-2022,84.35,84.95,89.4,84.55,84.9,87.5,87.43,"82,67,553","72,28,72,176.35","55,424","37,97,786",45.94
85,MSUMI,EQ,01-Nov-2022,87.5,84.4,85.65,81.9,82.0,82.65,83.32,"1,00,10,599","83,40,85,612.10","45,066","71,81,490",71.74
86,MSUMI,EQ,02-Nov-2022,82.65,82.7,83.45,81.7,82.5,82.4,82.55,"23,51,545","19,41,21,283.75","23,509","13,87,778",59.02
87,MSUMI,BL,03-Nov-2022,88.75,82.4,82.4,82.4,82.4,82.4,82.4,"15,34,829","12,64,69,909.60",1,-,-
88,MSUMI,EQ,03-Nov-2022,82.4,82.0,82.8,80.35,80.9,81.25,81.45,"53,42,300","43,51,11,232.35","27,333","42,37,787",79.33
89,MSUMI,EQ,04-Nov-2022,81.25,81.25,81.8,80.6,81.1,81.0,81.15,"58,98,557","47,86,56,151.30","30,356","44,38,929",75.25
90,MSUMI,EQ,07-Nov-2022,81.0,82.0,83.7,81.65,82.5,82.7,82.37,"28,03,783","23,09,38,916.50","24,492","16,88,338",60.22
91,MSUMI,EQ,09-Nov-2022,82.7,84.0,84.1,82.1,83.05,83.0,82.91,"28,01,865","23,22,88,893.20","37,419","17,25,833",61.60
92,MSUMI,EQ,10-Nov-2022,83.0,83.0,83.2,81.35,82.8,82.6,82.4,"17,81,644","14,68,05,634.45","27,379","11,39,975",63.98
93,MSUMI,EQ,11-Nov-2022,82.6,83.95,84.25,82.65,83.25,83.05,83.54,"23,18,136","19,36,51,882.55","25,248","14,01,474",60.46
94,MSUMI,EQ,14-Nov-2022,83.05,83.75,84.1,82.0,83.0,82.95,83.34,"27,28,754","22,74,15,024.90","36,630","15,88,137",58.20
95,MSUMI,EQ,15-Nov-2022,82.95,83.55,83.55,68.1,83.0,83.0,82.74,"29,19,993","24,15,97,435.25","33,438","20,38,970",69.83
96,MSUMI,EQ,16-Nov-2022,83.0,65.0,71.15,60.15,60.25,60.65,62.14,"1,41,43,868","87,88,65,909.75","1,04,608","60,79,641",42.98
97,MSUMI,EQ,17-Nov-2022,60.65,60.95,61.5,59.8,60.5,60.5,60.49,"24,05,309","14,54,89,761.70","30,620","9,77,463",40.64
98,MSUMI,EQ,18-Nov-2022,60.5,60.8,60.8,58.35,59.2,59.05,59.18,"25,59,228","15,14,65,877.50","28,193","13,27,437",51.87
99,MSUMI,EQ,21-Nov-2022,59.05,59.3,59.3,57.5,57.9,57.95,58.23,"42,10,775","24,51,82,521.35","27,363","31,97,057",75.93
100,MSUMI,EQ,22-Nov-2022,57.95,58.0,58.2,57.4,58.0,58.0,57.93,"13,86,850","8,03,34,210.50","11,459","10,73,626",77.41
101,MSUMI,EQ,23-Nov-2022,58.0,58.25,58.35,57.1,57.45,57.6,57.56,"20,25,665","11,65,91,670.60","21,037","14,89,594",73.54
102,MSUMI,EQ,24-Nov-2022,57.6,57.95,58.5,57.55,57.9,58.0,58.03,"17,50,156","10,15,66,064.20","13,974","10,47,379",59.84
103,MSUMI,EQ,25-Nov-2022,58.0,58.25,58.4,56.9,57.2,57.05,57.6,"19,18,634","11,05,20,231.50","15,930","14,20,705",74.05
104,MSUMI,EQ,28-Nov-2022,57.05,57.2,60.1,57.05,59.65,59.75,59.05,"60,92,457","35,97,62,854.15","26,680","44,00,280",72.23
105,MSUMI,EQ,29-Nov-2022,59.75,59.75,60.65,59.65,60.05,60.05,59.97,"68,48,467","41,07,35,279.00","19,815","55,06,008",80.40
106,MSUMI,EQ,30-Nov-2022,60.05,60.05,62.3,59.7,61.0,61.45,60.79,"82,33,966","50,05,49,682.50","24,031","63,59,287",77.23
107,MSUMI,EQ,01-Dec-2022,61.45,61.7,61.7,60.0,60.25,60.05,60.31,"35,11,167","21,17,45,370.80","24,565","25,23,606",71.87
108,MSUMI,EQ,02-Dec-2022,60.05,60.0,60.4,59.05,60.25,60.2,59.89,"26,98,366","16,16,10,724.20","31,654","16,79,195",62.23
109,MSUMI,EQ,05-Dec-2022,60.2,60.5,61.0,59.9,60.8,60.8,60.73,"21,73,218","13,19,79,402.15","17,492","15,27,950",70.31
110,MSUMI,EQ,06-Dec-2022,60.8,60.8,61.0,60.1,60.6,60.5,60.4,"35,08,505","21,19,21,968.20","19,534","26,52,384",75.60
111,MSUMI,EQ,07-Dec-2022,60.5,60.5,60.65,59.8,60.1,60.05,60.04,"17,90,131","10,74,83,011.50","19,594","10,90,167",60.90
112,MSUMI,EQ,08-Dec-2022,60.05,60.35,60.4,59.7,60.0,60.05,60.1,"12,02,132","7,22,46,790.70","13,329","7,71,359",64.17
113,MSUMI,EQ,09-Dec-2022,60.05,60.1,60.35,59.6,60.0,60.05,60.1,"16,09,780","9,67,42,050.10","14,038","9,96,949",61.93
114,MSUMI,EQ,12-Dec-2022,60.05,60.2,60.45,58.9,59.55,59.2,59.67,"41,78,169","24,93,08,067.65","26,018","27,78,666",66.50
115,MSUMI,EQ,13-Dec-2022,59.2,59.55,61.65,59.35,60.85,60.95,60.43,"43,20,161","26,10,83,209.60","25,191","28,08,049",65.00
116,MSUMI,EQ,14-Dec-2022,60.95,61.35,63.4,61.05,62.3,62.3,62.59,"77,86,019","48,73,10,859.35","51,646","48,58,216",62.40
117,MSUMI,EQ,15-Dec-2022,62.3,62.05,62.85,60.5,60.95,60.8,61.71,"18,53,553","11,43,91,159.75","20,634","12,48,512",67.36
118,MSUMI,EQ,16-Dec-2022,60.8,60.1,60.6,58.3,59.25,58.9,59.43,"28,64,136","17,02,20,713.80","24,837","18,70,394",65.30
119,MSUMI,EQ,19-Dec-2022,58.9,59.4,59.4,57.95,58.1,58.45,58.62,"55,31,641","32,42,85,753.45","23,698","49,39,601",89.30
120,MSUMI,EQ,20-Dec-2022,58.45,58.5,58.8,57.6,58.5,58.5,58.12,"38,66,600","22,47,36,697.75","25,361","29,54,426",76.41
121,MSUMI,EQ,21-Dec-2022,58.5,58.65,59.35,57.5,57.5,57.8,58.56,"19,48,682","11,41,06,389.20","27,506","12,79,204",65.64
122,MSUMI,EQ,22-Dec-2022,57.8,58.0,58.25,56.2,57.4,57.4,56.97,"24,35,859","13,87,65,265.30","28,010","15,99,795",65.68
123,MSUMI,EQ,23-Dec-2022,57.4,56.95,56.95,54.3,55.7,55.9,55.43,"1,48,32,618","82,22,14,017.30","49,149","1,26,03,152",84.97
124,MSUMI,EQ,26-Dec-2022,55.9,55.9,59.0,54.8,57.25,57.1,57.48,"30,82,821","17,72,14,207.45","29,847","14,25,259",46.23
125,MSUMI,EQ,27-Dec-2022,57.1,57.6,59.7,57.3,58.95,59.05,58.79,"20,93,963","12,31,13,338.50","14,956","10,30,343",49.21
126,MSUMI,EQ,28-Dec-2022,59.05,59.15,59.25,57.7,57.9,57.9,58.29,"36,16,049","21,07,93,060.40","17,551","26,13,966",72.29
127,MSUMI,EQ,29-Dec-2022,57.9,57.5,58.2,57.25,57.95,57.85,57.9,"35,36,364","20,47,43,392.40","23,438","28,20,921",79.77
128,MSUMI,EQ,30-Dec-2022,57.85,58.5,58.9,58.0,58.15,58.3,58.54,"16,02,372","9,37,98,053.20","9,926","9,85,209",61.48
129,MSUMI,EQ,02-Jan-2023,58.3,58.35,58.75,57.85,58.2,58.15,58.34,"15,89,575","9,27,30,401.80","13,947","10,50,752",66.10
130,MSUMI,EQ,03-Jan-2023,58.15,58.25,58.75,57.35,57.5,57.5,58.2,"59,34,425","34,53,58,576.55","22,041","49,88,266",84.06
131,MSUMI,EQ,04-Jan-2023,57.5,57.75,57.8,56.5,56.6,56.65,56.71,"22,44,573","12,72,89,869.30","20,389","15,26,014",67.99
132,MSUMI,EQ,05-Jan-2023,56.65,56.85,57.0,56.05,56.8,56.7,56.38,"16,84,149","9,49,46,131.90","18,889","9,87,444",58.63
133,MSUMI,EQ,06-Jan-2023,56.7,56.5,57.05,54.7,55.3,55.1,55.32,"37,19,971","20,57,97,381.30","23,601","27,63,178",74.28
134,MSUMI,EQ,09-Jan-2023,55.1,55.7,56.1,54.95,55.55,55.6,55.72,"66,15,801","36,86,43,939.55","25,066","53,06,045",80.20
135,MSUMI,EQ,10-Jan-2023,55.6,55.45,55.9,54.95,55.0,55.1,55.38,"15,05,761","8,33,92,195.50","15,413","9,95,644",66.12
136,MSUMI,EQ,11-Jan-2023,55.1,55.35,55.4,53.5,53.8,53.9,54.14,"47,41,646","25,66,97,349.40","28,212","34,39,954",72.55
137,MSUMI,EQ,12-Jan-2023,53.9,54.2,54.35,52.15,52.5,52.5,52.83,"85,48,988","45,16,14,040.70","47,188","57,36,036",67.10
138,MSUMI,EQ,13-Jan-2023,52.5,52.8,52.8,49.75,51.95,52.0,51.17,"2,77,57,957","1,42,03,31,933.10","64,769","2,10,54,711",75.85
139,MSUMI,EQ,16-Jan-2023,52.0,52.4,52.8,51.8,52.2,52.15,52.14,"45,58,520","23,76,73,608.35","18,846","28,71,954",63.00
140,MSUMI,EQ,17-Jan-2023,52.15,51.95,52.65,51.65,52.05,52.0,52.0,"56,84,675","29,55,81,216.55","24,504","44,71,779",78.66
141,MSUMI,EQ,18-Jan-2023,52.0,52.05,52.35,51.8,51.95,52.0,52.01,"1,23,29,919","64,13,33,379.35","16,103","1,02,66,821",83.27
142,MSUMI,EQ,19-Jan-2023,52.0,51.85,52.0,51.15,51.2,51.45,51.6,"18,63,280","9,61,48,326.00","16,505","12,30,471",66.04
143,MSUMI,EQ,20-Jan-2023,51.45,51.7,51.9,50.8,51.15,51.2,51.44,"17,72,778","9,11,92,490.95","16,769","10,19,690",57.52
144,MSUMI,EQ,23-Jan-2023,51.2,51.5,51.8,50.05,51.15,51.1,50.58,"39,95,138","20,20,63,950.90","28,258","23,26,112",58.22
145,MSUMI,EQ,24-Jan-2023,51.1,51.1,51.15,50.3,50.7,50.65,50.65,"92,59,730","46,90,25,624.30","33,242","66,61,132",71.94
146,MSUMI,EQ,25-Jan-2023,50.65,50.65,51.2,49.9,50.9,50.85,50.41,"49,50,265","24,95,19,655.30","32,040","31,98,786",64.62
147,MSUMI,EQ,27-Jan-2023,50.85,51.0,51.85,48.7,51.15,51.2,50.4,"1,33,69,269","67,38,09,960.45","60,017","91,85,122",68.70
148,MSUMI,EQ,30-Jan-2023,51.2,51.1,51.8,50.15,51.0,51.1,51.09,"55,96,489","28,59,25,190.05","33,343","37,22,726",66.52
149,MSUMI,EQ,31-Jan-2023,51.1,51.45,51.75,50.4,51.6,51.45,51.2,"53,78,308","27,53,44,280.75","44,224","32,23,301",59.93
150,MSUMI,EQ,01-Feb-2023,51.45,51.75,54.15,50.9,51.5,51.5,52.8,"92,05,134","48,60,61,458.05","42,970","47,27,920",51.36
151,MSUMI,EQ,02-Feb-2023,51.5,51.5,52.85,51.15,51.8,51.9,51.85,"45,45,543","23,56,90,799.25","34,446","28,24,804",62.14
152,MSUMI,EQ,03-Feb-2023,51.9,52.15,52.7,51.05,52.45,52.35,51.78,"21,88,733","11,33,25,344.40","17,227","12,95,133",59.17
153,MSUMI,EQ,06-Feb-2023,52.35,52.65,53.7,52.25,53.0,53.0,53.04,"31,43,141","16,67,18,089.80","11,013","19,36,894",61.62
154,MSUMI,EQ,07-Feb-2023,53.0,53.0,53.4,50.6,50.95,51.35,51.48,"68,71,043","35,37,06,462.15","23,604","50,86,802",74.03
155,MSUMI,EQ,08-Feb-2023,51.35,51.0,53.95,50.35,53.3,53.65,52.9,"42,54,613","22,50,47,788.50","30,033","24,42,378",57.41
156,MSUMI,EQ,09-Feb-2023,53.65,53.65,53.9,52.15,52.8,52.45,52.56,"36,13,439","18,99,31,969.00","28,097","23,89,619",66.13
157,MSUMI,EQ,10-Feb-2023,52.45,52.8,54.0,52.35,53.4,53.7,53.39,"29,02,237","15,49,60,891.50","13,342","18,57,840",64.01
158,MSUMI,EQ,13-Feb-2023,53.7,53.7,53.85,51.5,52.65,52.4,52.21,"42,61,101","22,24,84,847.15","28,617","29,08,723",68.26
159,MSUMI,EQ,14-Feb-2023,52.4,52.7,53.95,51.8,52.1,52.1,52.1,"25,66,347","13,37,11,652.25","28,921","14,59,245",56.86
160,MSUMI,EQ,15-Feb-2023,52.1,51.85,52.1,51.2,51.5,51.7,51.49,"20,17,611","10,38,82,202.60","20,152","10,95,076",54.28
161,MSUMI,EQ,16-Feb-2023,51.7,53.05,53.4,50.05,50.7,50.55,51.03,"1,13,43,128","57,88,37,812.65","68,088","67,60,612",59.60
162,MSUMI,EQ,17-Feb-2023,50.55,50.65,51.0,49.8,50.8,50.8,50.38,"68,12,525","34,31,83,564.05","28,119","44,81,940",65.79
163,MSUMI,EQ,20-Feb-2023,50.8,50.85,51.65,50.5,51.3,51.25,51.18,"45,14,082","23,10,44,053.95","23,987","25,18,747",55.80
164,MSUMI,EQ,21-Feb-2023,51.25,51.25,51.45,50.15,50.45,50.35,50.5,"48,90,223","24,69,32,053.00","31,207","33,98,882",69.50
165,MSUMI,EQ,22-Feb-2023,50.35,50.35,50.35,49.35,50.0,49.85,49.64,"31,88,875","15,82,96,474.15","28,442","21,78,993",68.33
166,MSUMI,EQ,23-Feb-2023,49.85,49.85,50.15,49.35,50.0,49.95,49.77,"48,75,451","24,26,49,290.55","30,511","32,45,917",66.58
167,MSUMI,EQ,24-Feb-2023,49.95,50.2,50.6,49.2,49.9,49.85,49.74,"48,16,196","23,95,71,653.25","25,005","32,41,106",67.30
168,MSUMI,EQ,27-Feb-2023,49.85,49.85,50.1,49.1,49.65,49.55,49.48,"15,94,155","7,88,72,113.20","16,580","7,17,444",45.00
169,MSUMI,EQ,28-Feb-2023,49.55,49.55,50.5,49.05,49.5,49.5,49.32,"73,97,534","36,48,26,504.15","27,922","58,43,939",79.00
170,MSUMI,EQ,01-Mar-2023,49.5,49.6,50.6,49.4,50.35,50.3,50.3,"14,50,955","7,29,79,753.60","11,690","6,60,488",45.52
171,MSUMI,EQ,02-Mar-2023,50.3,50.35,50.4,49.95,50.25,50.25,50.22,"12,09,803","6,07,61,715.05","9,386","5,39,220",44.57
172,MSUMI,EQ,03-Mar-2023,50.25,50.45,50.5,49.5,49.8,49.7,49.87,"49,80,364","24,83,67,232.65","41,025","36,79,524",73.88
173,MSUMI,EQ,06-Mar-2023,49.7,49.95,50.15,49.5,49.9,49.9,49.89,"28,57,448","14,25,57,744.25","21,531","18,53,652",64.87
174,MSUMI,EQ,08-Mar-2023,49.9,50.15,50.3,49.45,49.95,50.05,49.95,"16,53,279","8,25,78,745.20","14,638","8,78,190",53.12
175,MSUMI,EQ,09-Mar-2023,50.05,50.15,50.15,48.85,49.0,48.95,49.26,"43,13,214","21,24,81,504.25","47,217","30,61,812",70.99
176,MSUMI,EQ,10-Mar-2023,48.95,48.4,49.65,48.4,49.0,49.1,49.23,"40,73,280","20,05,20,657.35","38,817","23,44,765",57.56
177,MSUMI,EQ,13-Mar-2023,49.1,48.75,48.85,46.8,47.4,47.35,47.24,"88,31,544","41,72,05,544.40","60,420","58,78,309",66.56
178,MSUMI,EQ,14-Mar-2023,47.35,47.25,47.95,46.55,47.35,47.2,46.94,"24,52,305","11,51,15,789.50","24,272","12,76,708",52.06
179,MSUMI,EQ,15-Mar-2023,47.2,47.35,48.0,47.25,47.95,47.85,47.67,"20,32,145","9,68,66,304.35","12,307","12,08,384",59.46
180,MSUMI,EQ,16-Mar-2023,47.85,47.2,48.0,46.0,46.85,46.55,46.99,"83,69,979","39,32,70,151.90","57,391","52,66,463",62.92
181,MSUMI,EQ,17-Mar-2023,46.55,46.85,47.55,46.0,46.3,46.25,46.51,"18,51,308","8,61,04,243.25","18,407","9,03,182",48.79
182,MSUMI,EQ,20-Mar-2023,46.25,46.25,47.05,45.15,46.6,46.55,46.09,"55,99,531","25,80,99,505.70","31,808","35,11,315",62.71
183,MSUMI,EQ,21-Mar-2023,46.55,46.8,47.5,45.85,47.35,47.05,46.35,"28,83,474","13,36,50,504.10","17,779","16,44,897",57.05
184,MSUMI,EQ,22-Mar-2023,47.05,47.3,47.75,46.6,47.45,47.45,47.0,"18,22,141","8,56,49,601.20","18,818","9,42,546",51.73
185,MSUMI,EQ,23-Mar-2023,47.45,47.0,48.2,46.6,47.2,47.7,47.58,"44,31,760","21,08,50,058.70","19,367","29,52,913",66.63
186,MSUMI,EQ,24-Mar-2023,47.7,47.5,48.15,47.1,47.6,47.65,47.77,"15,76,494","7,53,11,741.50","22,120","7,84,963",49.79
187,MSUMI,EQ,27-Mar-2023,47.65,47.7,47.7,46.5,47.4,47.3,47.1,"14,68,160","6,91,54,589.85","12,916","8,27,355",56.35
188,MSUMI,EQ,28-Mar-2023,47.3,47.05,47.35,46.4,46.5,46.8,46.95,"16,78,092","7,87,94,772.70","12,637","11,19,208",66.70
189,MSUMI,EQ,29-Mar-2023,46.8,46.75,47.55,46.0,47.5,47.35,46.8,"41,75,334","19,54,05,966.25","25,071","28,00,320",67.07
190,MSUMI,EQ,31-Mar-2023,47.35,47.6,48.9,47.2,47.95,48.25,47.87,"50,19,901","24,02,98,856.80","32,611","37,38,469",74.47
191,MSUMI,EQ,03-Apr-2023,48.25,48.65,51.0,47.8,50.25,49.85,49.21,"17,30,872","8,51,73,240.45","10,302","11,77,265",68.02
192,MSUMI,EQ,05-Apr-2023,49.85,50.45,50.45,49.4,49.55,49.65,49.8,"30,02,334","14,95,24,040.80","32,251","19,80,234",65.96
193,MSUMI,EQ,06-Apr-2023,49.65,49.6,51.25,49.1,51.0,51.05,50.65,"58,66,288","29,71,17,752.75","25,382","43,31,644",73.84
194,MSUMI,EQ,10-Apr-2023,51.05,51.1,51.1,49.65,49.75,49.95,49.95,"71,09,885","35,51,47,692.60","29,981","59,15,370",83.20
195,MSUMI,EQ,11-Apr-2023,49.95,50.0,50.9,49.5,50.7,50.65,50.31,"77,72,655","39,10,15,088.00","15,753","68,96,117",88.72
196,MSUMI,EQ,12-Apr-2023,50.65,50.7,51.55,50.3,50.8,50.9,51.09,"67,05,864","34,25,87,006.30","21,031","54,22,097",80.86
197,MSUMI,EQ,13-Apr-2023,50.9,51.0,51.5,49.8,50.0,50.7,51.08,"75,77,863","38,70,75,087.00","23,756","64,88,528",85.62
198,MSUMI,EQ,17-Apr-2023,50.7,50.7,51.35,49.55,51.15,50.8,50.24,"35,02,919","17,59,72,676.05","16,690","24,53,504",70.04
199,MSUMI,EQ,18-Apr-2023,50.8,50.9,51.05,49.9,50.1,50.0,50.43,"37,46,427","18,89,40,296.90","12,191","28,50,345",76.08
200,MSUMI,EQ,19-Apr-2023,50.0,50.1,50.65,49.8,49.8,49.95,50.2,"26,85,517","13,48,07,669.00","19,748","19,39,427",72.22
201,MSUMI,EQ,20-Apr-2023,49.95,49.75,50.65,49.5,50.0,50.15,50.05,"23,67,414","11,85,00,036.50","11,433","15,11,871",63.86
202,MSUMI,EQ,21-Apr-2023,50.15,50.0,50.85,49.8,50.25,50.45,50.48,"38,87,252","19,62,28,303.10","8,414","32,62,020",83.92
203,MSUMI,EQ,24-Apr-2023,50.45,50.7,51.0,50.1,50.55,50.5,50.46,"37,29,070","18,81,50,736.30","22,703","23,10,387",61.96
204,MSUMI,EQ,25-Apr-2023,50.5,50.6,51.5,50.2,51.05,51.3,50.82,"29,15,188","14,81,57,572.35","15,008","15,29,158",52.45
205,MSUMI,EQ,26-Apr-2023,51.3,51.3,52.85,50.55,52.2,52.45,51.76,"55,29,301","28,62,17,314.85","23,725","37,11,601",67.13
206,MSUMI,EQ,27-Apr-2023,52.45,52.8,53.8,52.35,52.9,52.65,52.93,"57,97,282","30,68,47,733.05","23,880","38,31,586",66.09
207,MSUMI,EQ,28-Apr-2023,52.65,52.7,53.9,52.45,53.8,53.75,53.43,"35,19,418","18,80,46,726.60","19,828","21,67,453",61.59
208,MSUMI,EQ,02-May-2023,53.75,54.0,54.3,52.1,52.6,52.85,53.49,"26,75,499","14,31,16,016.25","18,312","15,21,244",56.86
209,MSUMI,EQ,03-May-2023,52.85,52.8,53.55,52.3,53.0,53.2,53.28,"1,51,92,142","80,94,18,534.80","21,797","1,38,35,432",91.07
210,MSUMI,EQ,04-May-2023,53.2,53.0,53.9,52.6,52.75,52.8,53.36,"71,92,705","38,38,25,433.70","11,331","61,27,150",85.19
211,MSUMI,EQ,05-May-2023,52.8,53.0,54.0,52.6,53.7,53.7,53.32,"19,08,875","10,17,87,114.90","10,358","11,51,070",60.30
212,MSUMI,EQ,08-May-2023,53.7,54.1,54.15,52.1,52.45,52.6,53.12,"91,78,617","48,75,86,012.60","18,014","77,75,111",84.71
213,MSUMI,EQ,09-May-2023,52.6,52.75,55.55,52.55,54.8,54.95,54.94,"1,07,27,175","58,93,38,775.45","37,873","60,19,081",56.11
214,MSUMI,EQ,10-May-2023,54.95,55.25,55.9,55.0,55.8,55.75,55.49,"33,52,785","18,60,35,494.70","25,347","19,69,795",58.75
215,MSUMI,EQ,11-May-2023,55.75,56.6,56.85,56.0,56.55,56.45,56.36,"27,56,187","15,53,33,086.30","25,778","13,71,102",49.75
216,MSUMI,EQ,12-May-2023,56.45,56.45,56.6,55.6,56.0,55.85,56.0,"14,28,115","7,99,77,455.40","15,940","8,89,696",62.30
217,MSUMI,EQ,15-May-2023,55.85,56.0,56.0,54.95,55.7,55.5,55.43,"14,04,609","7,78,63,995.70","10,667","8,21,074",58.46
218,MSUMI,EQ,16-May-2023,55.5,55.7,55.9,54.9,55.0,55.05,55.16,"16,37,884","9,03,41,971.95","13,909","9,02,847",55.12
219,MSUMI,EQ,17-May-2023,55.05,55.0,55.85,54.5,55.7,55.25,54.69,"42,79,124","23,40,23,942.05","17,182","35,69,646",83.42
220,MSUMI,EQ,18-May-2023,55.25,55.6,55.8,55.25,55.5,55.5,55.53,"15,82,571","8,78,86,149.50","18,827","9,85,143",62.25
221,MSUMI,EQ,19-May-2023,55.5,55.55,56.5,54.75,54.9,54.95,55.35,"56,30,932","31,16,57,950.30","30,633","22,87,978",40.63
222,MSUMI,EQ,22-May-2023,54.95,55.45,55.75,54.75,55.1,55.1,55.21,"89,77,264","49,56,37,071.70","39,023","66,39,329",73.96
223,MSUMI,EQ,23-May-2023,55.1,55.6,56.9,55.2,56.15,56.15,56.08,"3,28,48,205","1,84,21,79,860.85","38,868","2,80,52,607",85.40
224,MSUMI,EQ,24-May-2023,56.15,56.7,57.3,55.4,55.5,55.5,56.24,"52,38,415","29,46,02,512.45","40,351","33,72,042",64.37
225,MSUMI,EQ,25-May-2023,55.5,55.75,56.25,55.55,55.8,55.9,55.97,"42,96,037","24,04,55,383.40","24,156","27,95,857",65.08
226,MSUMI,EQ,26-May-2023,55.9,56.0,56.8,55.9,56.0,56.25,56.42,"49,68,006","28,02,87,421.15","21,283","33,76,666",67.97
227,MSUMI,EQ,29-May-2023,56.25,56.6,57.7,56.5,56.85,56.95,57.25,"49,27,537","28,21,05,012.70","26,002","27,73,758",56.29
228,MSUMI,EQ,30-May-2023,56.95,57.15,58.9,57.0,57.75,57.65,57.92,"66,19,891","38,34,07,764.95","36,978","35,39,080",53.46
229,MSUMI,EQ,31-May-2023,57.65,57.9,58.5,57.4,57.8,57.85,58.13,"80,99,709","47,08,51,055.25","64,720","57,83,449",71.40
230,MSUMI,EQ,01-Jun-2023,57.85,58.0,58.6,57.65,58.1,58.1,58.19,"35,06,798","20,40,77,678.30","25,856","19,74,217",56.30
231,MSUMI,EQ,02-Jun-2023,58.1,58.5,59.1,57.55,58.3,58.35,58.57,"55,47,937","32,49,57,024.85","33,798","28,06,869",50.59
232,MSUMI,EQ,05-Jun-2023,58.35,58.75,58.85,57.9,58.2,58.1,58.26,"55,11,266","32,11,03,797.70","31,715","36,05,258",65.42
233,MSUMI,EQ,06-Jun-2023,58.1,58.3,58.3,57.0,58.3,58.0,57.6,"47,61,320","27,42,41,636.15","21,649","28,26,441",59.36
234,MSUMI,EQ,07-Jun-2023,58.0,58.3,58.3,57.25,57.65,57.55,57.91,"58,29,437","33,75,85,310.90","21,581","43,38,402",74.42
235,MSUMI,EQ,08-Jun-2023,57.55,57.8,58.0,57.5,57.75,57.65,57.69,"18,87,576","10,88,98,309.30","20,004","11,42,170",60.51
236,MSUMI,EQ,09-Jun-2023,57.65,57.75,58.5,57.3,58.2,58.2,57.9,"51,54,044","29,84,11,923.75","17,851","36,21,247",70.26
237,MSUMI,EQ,12-Jun-2023,58.2,58.2,58.3,57.6,57.85,57.75,57.8,"15,13,412","8,74,72,711.75","11,646","9,43,496",62.34
238,MSUMI,EQ,13-Jun-2023,57.75,57.75,59.4,57.6,58.5,58.5,58.69,"52,87,510","31,03,21,242.75","23,850","30,43,780",57.57
239,MSUMI,EQ,14-Jun-2023,58.5,59.0,59.2,57.45,57.55,57.6,57.93,"52,25,382","30,27,24,928.90","27,432","23,62,563",45.21
240,MSUMI,EQ,15-Jun-2023,57.6,57.6,58.1,56.1,57.55,57.5,56.98,"1,41,02,599","80,36,12,404.45","35,015","1,03,71,901",73.55
241,MSUMI,EQ,16-Jun-2023,57.5,57.9,58.4,56.95,57.7,57.7,57.74,"43,97,095","25,38,93,320.50","23,418","16,87,480",38.38
242,MSUMI,EQ,19-Jun-2023,57.7,58.25,58.25,57.1,57.75,57.75,57.73,"39,76,004","22,95,17,601.40","20,017","25,80,053",64.89
243,MSUMI,EQ,20-Jun-2023,57.75,57.65,58.8,57.3,58.2,58.3,58.09,"55,53,364","32,26,01,796.70","22,761","36,40,302",65.55
244,MSUMI,EQ,21-Jun-2023,58.3,58.3,58.3,57.2,57.4,57.4,57.55,"44,65,128","25,69,48,119.70","28,605","28,49,664",63.82
245,MSUMI,EQ,22-Jun-2023,57.4,57.5,58.0,56.9,57.75,57.85,57.57,"37,55,394","21,61,83,981.30","36,112","21,53,274",57.34
246,MSUMI,EQ,23-Jun-2023,57.85,57.75,57.75,55.35,56.6,56.55,56.99,"31,80,465","18,12,52,775.35","18,907","18,78,591",59.07
247,MSUMI,EQ,26-Jun-2023,56.55,56.05,56.95,55.9,56.9,56.75,56.47,"25,79,253","14,56,42,292.15","27,760","14,41,549",55.89
248,MSUMI,EQ,27-Jun-2023,56.75,56.75,56.95,56.05,56.6,56.55,56.45,"38,72,933","21,86,22,579.75","25,830","27,19,229",70.21
249,MSUMI,EQ,28-Jun-2023,56.55,56.75,57.2,56.45,56.6,56.6,56.69,"66,31,045","37,59,20,044.80","16,272","56,57,282",85.32
0,MSUMI,EQ,30-Jun-2023,56.6,56.9,58.0,56.6,57.7,57.7,57.29,"1,40,41,353","80,44,34,331.10","39,444","1,13,96,777",81.17
1,MSUMI,EQ,03-Jul-2023,57.7,58.2,58.35,57.35,57.85,57.85,57.76,"24,37,299","14,07,72,430.10","23,260","13,81,261",56.67
2,MSUMI,EQ,04-Jul-2023,57.85,57.6,58.75,57.35,58.1,58.15,58.3,"68,84,130","40,13,63,394.90","33,513","46,64,703",67.76
3,MSUMI,EQ,05-Jul-2023,58.15,58.5,59.3,58.0,58.25,58.4,58.61,"70,18,048","41,13,30,227.80","56,418","43,19,920",61.55
4,MSUMI,EQ,06-Jul-2023,58.4,58.65,58.9,57.9,58.05,58.15,58.28,"55,48,900","32,33,69,079.30","36,717","41,45,864",74.72
5,MSUMI,EQ,07-Jul-2023,58.15,57.7,58.75,57.6,58.4,58.35,58.33,"37,60,820","21,93,56,320.15","21,134","24,61,496",65.45
6,MSUMI,EQ,10-Jul-2023,58.35,58.95,59.0,57.7,57.95,57.85,58.1,"22,15,701","12,87,39,524.20","15,673","11,11,082",50.15
7,MSUMI,EQ,11-Jul-2023,57.85,58.15,58.9,57.95,58.45,58.55,58.64,"34,19,854","20,05,46,837.05","24,209","19,60,091",57.32
8,MSUMI,EQ,12-Jul-2023,58.55,58.55,58.85,58.0,58.2,58.15,58.29,"29,07,204","16,94,54,833.50","26,280","16,67,490",57.36
9,MSUMI,EQ,13-Jul-2023,58.15,58.55,59.2,57.7,58.0,57.8,58.52,"1,12,89,146","66,06,04,351.15","32,147","85,96,199",76.15
10,MSUMI,EQ,14-Jul-2023,57.8,58.25,58.8,57.8,58.15,58.05,58.08,"40,06,674","23,27,15,011.10","15,239","27,26,360",68.05
11,MSUMI,EQ,17-Jul-2023,58.05,58.4,59.45,58.25,58.6,58.65,58.92,"1,62,88,304","95,96,38,040.30","26,673","1,34,90,654",82.82
12,MSUMI,EQ,18-Jul-2023,58.65,59.0,59.1,58.15,58.7,58.55,58.48,"77,27,822","45,19,30,627.15","13,304","63,36,225",81.99
13,MSUMI,EQ,19-Jul-2023,58.55,58.75,58.75,58.2,58.3,58.35,58.42,"19,05,173","11,13,05,915.15","18,303","9,42,486",49.47
14,MSUMI,EQ,20-Jul-2023,58.35,58.2,59.1,58.0,58.4,58.45,58.61,"38,68,405","22,67,28,806.30","17,445","19,33,779",49.99
15,MSUMI,EQ,21-Jul-2023,58.45,58.4,58.45,57.8,57.95,57.9,57.99,"62,27,111","36,10,86,435.15","21,125","49,99,555",80.29
16,MSUMI,EQ,24-Jul-2023,57.9,58.0,58.65,57.8,58.0,57.95,58.05,"1,58,82,171","92,20,20,354.55","26,477","1,40,81,635",88.66
17,MSUMI,EQ,25-Jul-2023,57.95,58.3,62.65,58.15,61.65,61.9,60.21,"4,10,88,343","2,47,40,85,243.10","62,275","3,13,55,276",76.31
18,MSUMI,EQ,26-Jul-2023,61.9,62.0,62.95,60.65,61.9,62.15,61.69,"1,40,70,518","86,80,26,424.45","47,512","81,97,546",58.26
19,MSUMI,EQ,27-Jul-2023,62.15,62.5,62.85,60.05,60.2,60.15,60.73,"57,38,501","34,85,14,957.30","28,606","33,57,050",58.5
20,MSUMI,EQ,28-Jul-2023,60.15,60.3,61.45,58.55,58.8,58.85,59.61,"72,44,924","43,18,60,970.50","31,072","35,02,134",48.34
21,MSUMI,EQ,31-Jul-2023,58.85,59.0,59.8,57.6,59.75,58.55,58.08,"1,63,86,779","95,17,12,614.35","38,488","1,28,14,592",78.2
22,MSUMI,EQ,01-Aug-2023,58.55,60.95,60.95,59.35,59.6,59.55,59.67,"78,14,079","46,62,80,561.00","24,273","50,41,595",64.52
23,MSUMI,EQ,02-Aug-2023,59.55,59.95,60.25,58.7,60.0,59.95,59.72,"69,69,135","41,61,80,160.55","51,834","41,99,346",60.26
24,MSUMI,EQ,03-Aug-2023,59.95,60.0,60.1,59.15,59.75,59.65,59.61,"45,48,715","27,11,62,903.50","25,875","31,07,270",68.31
25,MSUMI,EQ,04-Aug-2023,59.65,59.9,61.0,59.5,60.35,60.5,60.46,"62,74,492","37,93,69,160.25","27,776","40,74,672",64.94
26,MSUMI,EQ,07-Aug-2023,60.5,60.9,61.0,60.0,60.3,60.3,60.28,"27,20,787","16,40,15,606.50","22,064","17,57,647",64.6
27,MSUMI,EQ,08-Aug-2023,60.3,60.3,60.9,59.8,60.4,60.4,60.22,"64,85,985","39,05,78,472.00","38,575","43,85,568",67.62
28,MSUMI,EQ,09-Aug-2023,60.4,60.0,60.65,59.55,60.5,60.45,60.06,"24,64,174","14,80,05,852.30","16,713","13,69,437",55.57
29,MSUMI,EQ,10-Aug-2023,60.45,60.8,60.8,60.2,60.6,60.5,60.41,"22,29,632","13,46,84,075.30","13,884","12,22,021",54.81
30,MSUMI,EQ,11-Aug-2023,60.5,60.7,60.75,59.1,59.25,59.2,59.44,"34,20,698","20,33,36,468.80","25,103","19,38,786",56.68
31,MSUMI,EQ,14-Aug-2023,59.2,59.2,60.1,58.15,59.3,59.4,59.1,"30,01,252","17,73,68,399.25","24,358","14,89,999",49.65
32,MSUMI,EQ,16-Aug-2023,59.4,59.15,61.05,58.65,60.7,60.65,59.73,"44,63,696","26,66,10,268.40","40,566","29,71,997",66.58
33,MSUMI,EQ,17-Aug-2023,60.65,61.1,61.15,58.9,59.75,59.65,59.48,"58,70,819","34,91,85,777.95","25,393","37,64,679",64.13
34,MSUMI,EQ,18-Aug-2023,59.65,59.65,60.0,58.9,59.7,59.55,59.2,"40,93,642","24,23,42,161.95","18,719","23,77,498",58.08
35,MSUMI,EQ,21-Aug-2023,59.55,60.3,60.3,58.6,60.05,59.7,59.36,"62,13,644","36,88,13,833.60","40,858","32,96,208",53.05
36,MSUMI,EQ,22-Aug-2023,59.7,60.0,60.25,59.1,60.0,59.7,59.5,"60,51,227","36,00,63,327.55","23,826","43,34,140",71.62
37,MSUMI,EQ,23-Aug-2023,59.7,60.0,60.7,59.15,59.55,59.5,60.0,"1,51,42,912","90,86,25,806.05","18,801","1,22,78,975",81.09
38,MSUMI,EQ,24-Aug-2023,59.5,59.95,60.3,59.15,60.1,59.95,59.73,"46,30,798","27,66,06,529.55","17,330","25,66,962",55.43
39,MSUMI,EQ,25-Aug-2023,59.95,59.85,60.4,59.35,59.6,59.6,59.79,"33,11,154","19,79,83,780.40","17,078","18,05,121",54.52
40,MSUMI,EQ,28-Aug-2023,59.6,60.1,60.3,59.65,60.1,60.0,59.98,"25,89,401","15,53,21,668.05","20,193","15,28,514",59.03
41,MSUMI,EQ,29-Aug-2023,60.0,60.05,60.2,59.1,59.15,59.15,59.62,"58,97,771","35,16,15,105.75","30,239","41,66,726",70.65
42,MSUMI,EQ,30-Aug-2023,59.15,59.65,60.15,59.1,59.55,59.55,59.63,"27,48,034","16,38,77,653.90","24,648","13,94,559",50.75
43,MSUMI,EQ,31-Aug-2023,59.55,59.6,62.45,59.5,62.25,62.1,61.52,"1,20,85,026","74,34,74,044.35","37,859","74,06,808",61.29
44,MSUMI,EQ,01-Sep-2023,62.1,62.65,67.1,62.2,65.8,65.95,65.47,"1,86,67,742","1,22,22,12,608.65","60,782","92,60,565",49.61
45,MSUMI,EQ,04-Sep-2023,65.95,66.85,68.0,65.2,65.95,65.95,66.19,"65,86,836","43,59,77,760.40","39,582","34,91,987",53.01
46,MSUMI,EQ,05-Sep-2023,65.95,66.5,67.45,64.8,65.55,65.45,66.14,"62,50,516","41,33,99,606.60","38,535","35,19,579",56.31
47,MSUMI,EQ,06-Sep-2023,65.45,66.7,66.75,64.5,65.5,65.45,65.32,"38,98,291","25,46,37,664.50","34,709","19,85,066",50.92
48,MSUMI,EQ,07-Sep-2023,65.45,65.95,66.95,64.65,66.2,66.0,66.09,"63,85,622","42,20,00,396.55","33,287","36,58,021",57.29
49,MSUMI,EQ,08-Sep-2023,66.0,66.75,67.0,65.8,66.9,66.7,66.46,"61,59,456","40,93,59,530.20","29,831","33,53,110",54.44
50,MSUMI,EQ,11-Sep-2023,66.7,67.5,67.5,66.1,66.8,66.95,66.77,"62,34,231","41,62,40,225.65","43,429","37,91,430",60.82
51,MSUMI,EQ,12-Sep-2023,66.95,67.5,67.5,62.75,64.1,63.8,64.49,"65,37,762","42,15,99,045.55","35,176","34,16,387",52.26
52,MSUMI,EQ,13-Sep-2023,63.8,63.7,64.7,61.35,63.95,63.9,62.89,"43,46,248","27,33,31,478.30","28,989","18,83,104",43.33
53,MSUMI,EQ,14-Sep-2023,63.9,64.5,66.0,64.25,65.5,65.25,65.18,"27,72,670","18,07,21,064.80","22,862","12,61,440",45.5
54,MSUMI,EQ,15-Sep-2023,65.25,65.65,66.0,64.15,65.8,65.7,65.05,"33,28,333","21,65,11,309.25","25,760","18,02,922",54.17
55,MSUMI,EQ,18-Sep-2023,65.7,66.15,66.15,64.8,65.15,65.05,65.19,"22,00,054","14,34,24,273.85","17,824","11,35,139",51.6
56,MSUMI,EQ,20-Sep-2023,65.05,65.0,65.65,64.4,65.0,64.9,64.92,"22,38,402","14,53,07,868.60","20,080","11,31,468",50.55
57,MSUMI,EQ,21-Sep-2023,64.9,64.85,64.85,63.75,63.9,63.9,64.07,"30,00,224","19,22,23,079.10","27,907","17,66,961",58.89
58,MSUMI,EQ,22-Sep-2023,63.9,63.8,64.2,62.65,64.1,63.75,63.35,"29,24,382","18,52,69,263.85","27,430","15,40,486",52.68
59,MSUMI,EQ,25-Sep-2023,63.75,64.3,64.35,62.85,63.9,63.85,63.64,"31,81,150","20,24,46,072.55","20,713","17,37,658",54.62
60,MSUMI,EQ,26-Sep-2023,63.85,64.2,64.4,63.2,63.5,63.3,63.72,"26,00,082","16,56,74,089.05","20,775","14,12,895",54.34
61,MSUMI,EQ,27-Sep-2023,63.3,63.25,64.4,62.1,64.05,64.0,63.25,"35,71,991","22,59,25,132.95","30,660","19,14,904",53.61
62,MSUMI,EQ,28-Sep-2023,64.0,64.15,64.55,62.85,63.1,63.05,63.47,"22,06,033","14,00,22,082.25","20,872","12,44,199",56.4
63,MSUMI,EQ,29-Sep-2023,63.05,63.4,64.9,63.0,64.15,64.45,64.12,"28,11,414","18,02,77,976.35","17,617","14,66,479",52.16
64,MSUMI,EQ,03-Oct-2023,64.45,64.7,64.75,62.9,64.1,63.95,63.57,"43,10,325","27,40,17,788.40","25,041","22,21,085",51.53
65,MSUMI,EQ,04-Oct-2023,63.95,63.95,64.0,62.5,63.1,63.0,63.08,"23,88,781","15,06,92,038.60","19,646","14,31,748",59.94
66,MSUMI,EQ,05-Oct-2023,63.0,63.2,63.5,61.8,61.9,61.95,62.45,"37,71,260","23,55,28,111.90","39,747","24,98,245",66.24
67,MSUMI,EQ,06-Oct-2023,61.95,62.0,62.2,61.7,61.95,61.9,61.94,"16,13,896","9,99,57,135.30","24,805","8,49,577",52.64
68,MSUMI,EQ,09-Oct-2023,61.9,61.1,62.05,59.75,61.5,61.5,61.11,"42,78,772","26,14,62,391.40","27,343","26,56,836",62.09
69,MSUMI,EQ,10-Oct-2023,61.5,61.5,63.8,61.5,63.1,63.4,62.38,"41,09,781","25,63,47,934.15","22,463","27,93,163",67.96
70,MSUMI,EQ,11-Oct-2023,63.4,63.9,63.9,62.5,62.7,62.75,62.9,"35,43,087","22,28,72,194.25","37,837","20,09,480",56.72
71,MSUMI,EQ,12-Oct-2023,62.75,62.75,63.05,61.85,62.0,61.95,62.25,"19,65,958","12,23,75,009.55","19,265","13,26,006",67.45
72,MSUMI,EQ,13-Oct-2023,61.95,61.9,62.35,61.6,62.0,62.0,61.98,"40,66,271","25,20,17,873.80","14,482","30,68,241",75.46
73,MSUMI,EQ,16-Oct-2023,62.0,62.4,62.95,61.9,62.9,62.75,62.51,"40,75,682","25,47,77,508.70","24,188","31,04,333",76.17
74,MSUMI,EQ,17-Oct-2023,62.75,63.1,63.6,62.85,62.95,62.95,63.07,"17,47,310","11,01,94,801.30","21,345","9,28,793",53.16
75,MSUMI,EQ,18-Oct-2023,62.95,63.0,63.0,61.95,62.5,62.4,62.39,"19,76,611","12,33,20,996.00","32,364","12,18,339",61.64
76,MSUMI,EQ,19-Oct-2023,62.4,62.0,64.2,61.7,63.6,63.85,63.25,"34,75,293","21,98,21,819.90","24,721","18,53,008",53.32
77,MSUMI,EQ,20-Oct-2023,63.85,64.05,64.6,62.5,63.1,63.05,63.36,"23,97,164","15,18,86,706.90","19,863","12,11,291",50.53
78,MSUMI,EQ,23-Oct-2023,63.05,63.45,63.6,60.8,61.0,61.45,62.18,"31,47,765","19,57,34,949.30","22,134","18,80,801",59.75
79,MSUMI,EQ,25-Oct-2023,61.45,61.85,62.2,59.4,60.05,60.0,60.5,"50,88,000","30,77,99,143.85","30,140","33,04,942",64.96
80,MSUMI,EQ,26-Oct-2023,60.0,59.55,60.35,58.4,59.4,59.5,59.51,"67,19,084","39,98,69,486.05","28,066","37,93,016",56.45
81,MSUMI,EQ,27-Oct-2023,59.5,59.6,62.75,59.6,61.45,61.2,61.66,"51,62,113","31,82,75,624.90","29,125","22,93,787",44.44
82,MSUMI,EQ,30-Oct-2023,61.2,61.35,61.45,59.2,60.25,60.1,60.36,"27,13,026","16,37,65,540.10","17,000","13,87,985",51.16
83,MSUMI,EQ,31-Oct-2023,60.1,60.5,61.3,59.4,60.05,59.95,60.32,"31,59,920","19,06,22,078.60","20,390","16,30,379",51.6
84,MSUMI,EQ,01-Nov-2023,59.95,61.5,61.85,58.8,59.1,59.1,60.2,"62,32,371","37,51,88,650.75","27,724","25,89,332",41.55
85,MSUMI,EQ,02-Nov-2023,59.1,59.1,59.8,58.4,58.8,58.65,59.0,"52,09,857","30,73,71,620.45","27,775","29,87,562",57.34
86,MSUMI,EQ,03-Nov-2023,58.65,59.1,59.25,58.2,58.35,58.3,58.78,"82,80,632","48,67,53,177.25","28,480","59,02,153",71.28
87,MSUMI,EQ,06-Nov-2023,58.3,59.25,59.25,57.85,58.7,58.8,58.48,"83,88,984","49,05,54,295.00","31,973","50,91,855",60.7
88,MSUMI,EQ,07-Nov-2023,58.8,59.0,60.9,58.7,59.9,59.9,60.07,"57,06,514","34,27,63,351.35","22,952","30,65,016",53.71
89,MSUMI,EQ,08-Nov-2023,59.9,60.2,60.45,59.0,59.55,59.55,59.52,"30,66,826","18,25,33,044.25","22,230","16,22,355",52.9
90,MSUMI,EQ,09-Nov-2023,59.55,59.55,59.95,57.95,58.15,58.1,58.59,"62,94,981","36,88,37,259.15","30,151","43,47,382",69.06
91,MSUMI,EQ,10-Nov-2023,58.1,58.1,59.1,58.0,58.5,58.75,58.71,"32,11,831","18,85,76,049.60","23,350","16,80,364",52.32
92,MSUMI,EQ,12-Nov-2023,58.75,59.4,59.8,59.15,59.7,59.65,59.65,"8,69,568","5,18,73,512.85","11,156","6,84,519",78.72
93,MSUMI,EQ,13-Nov-2023,59.65,59.7,59.7,58.7,58.9,58.85,58.97,"36,40,519","21,46,66,198.90","25,405","23,58,102",64.77
94,MSUMI,EQ,15-Nov-2023,58.85,59.1,60.75,59.1,60.1,60.2,59.9,"48,86,971","29,27,15,616.45","23,433","28,84,964",59.03
95,MSUMI,EQ,16-Nov-2023,60.2,60.35,60.45,59.75,59.85,59.9,59.99,"21,18,735","12,71,00,187.80","17,418","14,61,478",68.98
96,MSUMI,EQ,17-Nov-2023,59.9,59.9,60.1,59.4,59.65,59.5,59.51,"27,79,875","16,54,27,374.20","18,993","19,07,078",68.6
97,MSUMI,EQ,20-Nov-2023,59.5,59.75,61.0,59.35,60.55,60.65,59.88,"84,87,909","50,82,36,158.10","33,421","60,52,091",71.3
98,MSUMI,EQ,21-Nov-2023,60.65,61.0,61.0,60.1,60.4,60.4,60.58,"20,46,618","12,39,92,199.55","15,287","11,54,779",56.42
99,MSUMI,EQ,22-Nov-2023,60.4,60.4,60.8,59.0,59.25,59.1,59.55,"29,46,611","17,54,57,836.70","30,554","17,11,875",58.1
100,MSUMI,EQ,23-Nov-2023,59.1,59.35,61.25,59.35,60.45,60.35,60.5,"44,81,366","27,11,19,150.80","23,158","21,37,041",47.69
101,MSUMI,EQ,24-Nov-2023,60.35,60.5,60.85,60.0,60.1,60.15,60.33,"17,47,406","10,54,18,106.00","15,095","8,94,112",51.17
102,MSUMI,EQ,28-Nov-2023,60.15,60.4,61.25,60.0,60.7,60.7,60.78,"30,85,483","18,75,28,384.35","18,080","16,61,904",53.86
103,MSUMI,EQ,29-Nov-2023,60.7,60.9,61.55,60.35,60.6,60.65,60.86,"31,57,618","19,21,68,393.15","30,671","17,65,588",55.92
104,MSUMI,EQ,30-Nov-2023,60.65,60.7,61.95,60.3,61.5,61.6,61.28,"70,02,497","42,90,89,531.45","44,730","50,09,255",71.54
105,MSUMI,EQ,01-Dec-2023,61.6,62.0,62.35,60.95,61.6,61.35,61.45,"70,74,229","43,47,29,770.20","31,200","53,46,680",75.58
106,MSUMI,EQ,04-Dec-2023,61.35,62.5,62.7,61.0,61.7,61.7,61.47,"76,44,292","46,99,01,607.50","25,472","55,64,034",72.79
107,MSUMI,EQ,05-Dec-2023,61.7,62.2,62.6,60.9,61.2,61.15,61.75,"57,01,692","35,20,81,248.50","25,598","37,85,607",66.39
108,MSUMI,EQ,06-Dec-2023,61.15,61.5,62.15,59.95,60.6,60.4,60.79,"71,23,107","43,30,20,245.90","28,193","40,80,080",57.28
109,MSUMI,EQ,07-Dec-2023,60.4,61.0,61.7,60.25,61.15,61.1,61.13,"34,78,124","21,26,28,316.50","21,660","16,69,759",48.01
110,MSUMI,EQ,08-Dec-2023,61.1,61.5,62.15,60.75,61.9,61.9,61.49,"66,19,525","40,70,17,882.15","33,594","35,85,005",54.16
111,MSUMI,EQ,11-Dec-2023,61.9,62.5,62.6,61.6,61.95,61.8,61.92,"69,77,193","43,20,58,747.25","44,172","41,13,305",58.95
112,MSUMI,EQ,12-Dec-2023,61.8,62.3,63.15,61.05,61.5,61.4,62.17,"53,86,822","33,49,14,950.55","35,904","25,64,761",47.61
113,MSUMI,EQ,13-Dec-2023,61.4,61.8,62.1,59.9,60.45,60.3,60.6,"66,94,344","40,56,73,386.05","39,073","44,44,960",66.4
114,MSUMI,EQ,14-Dec-2023,60.3,60.8,61.1,59.95,60.5,60.3,60.34,"79,24,596","47,81,84,256.10","40,170","44,80,623",56.54
115,MSUMI,EQ,15-Dec-2023,60.3,60.75,61.2,60.55,60.9,60.85,60.87,"46,19,985","28,12,40,492.85","24,381","23,62,528",51.14
116,MSUMI,EQ,18-Dec-2023,60.85,61.15,61.85,60.5,61.6,61.55,61.34,"61,81,944","37,92,10,189.65","36,496","36,76,501",59.47
117,MSUMI,EQ,19-Dec-2023,61.55,61.85,62.2,61.25,62.0,61.75,61.5,"1,11,88,544","68,81,26,250.90","25,355","81,40,430",72.76
118,MSUMI,EQ,20-Dec-2023,61.75,62.0,62.65,59.4,59.95,60.1,61.73,"98,09,175","60,55,66,106.85","45,071","60,66,549",61.85
119,MSUMI,EQ,21-Dec-2023,60.1,59.9,60.65,59.1,60.3,60.2,60.16,"1,01,21,658","60,89,67,368.55","28,478","67,34,125",66.53
120,MSUMI,EQ,22-Dec-2023,60.2,60.3,62.0,60.2,61.3,61.45,61.36,"58,59,591","35,95,30,522.40","18,768","30,85,479",52.66
121,MSUMI,EQ,26-Dec-2023,61.45,61.85,61.95,60.65,60.75,60.75,60.95,"46,88,059","28,57,39,341.75","23,027","33,63,333",71.74
122,MSUMI,EQ,27-Dec-2023,60.75,60.95,61.45,60.0,61.05,61.0,60.96,"55,12,070","33,59,95,057.15","23,640","34,33,579",62.29
123,MSUMI,EQ,28-Dec-2023,61.0,61.15,61.75,60.1,61.05,61.1,60.76,"74,66,337","45,36,48,904.45","36,588","39,32,917",52.68
124,MSUMI,EQ,29-Dec-2023,61.1,61.35,63.6,61.0,61.7,61.75,62.25,"1,49,76,917","93,22,53,595.55","51,155","72,94,565",48.71
125,MSUMI,EQ,01-Jan-2024,61.75,62.25,63.3,61.7,62.1,62.15,62.24,"80,90,211","50,35,32,811.65","32,963","34,44,472",42.58
126,MSUMI,EQ,02-Jan-2024,62.15,62.3,63.05,61.2,61.7,61.55,61.96,"1,22,95,620","76,17,84,072.65","43,761","68,17,209",55.44
127,MSUMI,EQ,03-Jan-2024,61.55,61.8,62.6,61.0,61.7,61.5,61.54,"2,03,14,444","1,25,01,22,989.15","32,277","1,31,22,523",64.6
128,MSUMI,EQ,04-Jan-2024,61.5,61.65,62.4,61.65,62.05,62.0,61.94,"47,66,000","29,51,86,068.20","19,681","27,94,148",58.63
129,MSUMI,EQ,05-Jan-2024,62.0,62.7,66.0,62.1,65.4,65.65,64.65,"4,14,98,481","2,68,28,99,566.00","1,11,777","2,27,12,960",54.73
130,MSUMI,EQ,08-Jan-2024,65.65,66.55,66.75,64.4,64.5,64.65,65.4,"1,36,86,834","89,50,72,808.00","48,664","68,02,050",49.7
131,MSUMI,EQ,09-Jan-2024,64.65,65.2,65.75,64.7,64.9,64.9,65.13,"66,51,332","43,31,83,893.35","30,849","37,98,789",57.11
132,MSUMI,EQ,10-Jan-2024,64.9,64.95,65.4,63.8,64.25,64.25,64.52,"61,23,191","39,50,58,164.00","32,970","33,67,414",54.99
133,MSUMI,EQ,11-Jan-2024,64.25,65.9,65.9,63.4,63.7,63.6,64.41,"93,74,264","60,38,20,500.85","35,931","57,83,390",61.69
134,MSUMI,EQ,12-Jan-2024,63.6,63.95,64.45,62.8,63.05,63.1,63.23,"65,04,992","41,13,36,743.50","36,279","37,18,682",57.17
135,MSUMI,EQ,15-Jan-2024,63.1,63.5,64.0,63.15,63.55,63.55,63.59,"46,41,928","29,51,91,189.50","36,905","25,03,330",53.93
136,MSUMI,EQ,16-Jan-2024,63.55,64.0,64.15,62.1,63.0,62.9,63.26,"40,22,216","25,44,27,035.50","33,143","21,98,168",54.65
137,MSUMI,EQ,17-Jan-2024,62.9,62.5,63.0,61.55,61.8,61.9,62.25,"61,29,243","38,15,53,052.70","40,336","37,13,747",60.59
138,MSUMI,EQ,18-Jan-2024,61.9,61.55,62.25,60.45,61.8,61.55,61.35,"66,30,691","40,67,66,637.00","39,782","41,38,580",62.42
139,MSUMI,EQ,19-Jan-2024,61.55,62.0,62.65,61.2,61.4,61.6,61.67,"57,90,031","35,70,43,301.30","44,530","33,77,968",58.34
140,MSUMI,EQ,20-Jan-2024,61.6,61.6,62.7,61.35,62.6,62.6,62.15,"24,26,350","15,08,04,728.35","13,121","14,49,976",59.76
141,MSUMI,EQ,23-Jan-2024,62.6,62.8,63.0,61.3,61.5,61.45,61.87,"53,97,988","33,39,72,867.70","37,145","32,01,299",59.31
142,MSUMI,EQ,24-Jan-2024,61.45,61.4,61.85,60.35,61.75,61.7,61.33,"34,71,056","21,28,69,073.40","29,774","18,54,599",53.43
143,MSUMI,EQ,25-Jan-2024,61.7,61.7,62.7,60.25,61.0,60.95,61.41,"63,65,883","39,09,54,758.80","27,204","37,04,460",58.19
144,MSUMI,EQ,29-Jan-2024,60.95,61.5,61.95,61.35,61.75,61.7,61.63,"47,95,514","29,55,45,479.35","30,093","26,94,139",56.18
145,MSUMI,EQ,30-Jan-2024,61.7,62.15,65.5,62.0,63.55,63.5,64.18,"1,79,52,800","1,15,22,61,955.05","54,452","82,60,294",46.01
146,MSUMI,EQ,31-Jan-2024,63.5,64.5,65.75,63.35,65.3,65.05,64.61,"1,72,88,754","1,11,70,44,393.70","51,335","85,39,861",49.4
147,MSUMI,EQ,01-Feb-2024,65.05,66.35,71.45,66.25,69.85,69.95,69.59,"6,50,55,289","4,52,68,74,364.15","1,51,202","2,29,08,944",35.21
148,MSUMI,EQ,02-Feb-2024,69.95,71.15,72.2,69.0,69.25,69.4,70.36,"2,29,35,135","1,61,36,42,606.75","77,565","1,01,95,898",44.46
149,MSUMI,EQ,05-Feb-2024,69.4,69.8,73.85,69.3,71.2,70.95,72.11,"2,69,21,460","1,94,12,41,759.60","82,660","1,21,35,867",45.08
150,MSUMI,EQ,06-Feb-2024,70.95,72.5,74.8,71.7,73.0,72.9,73.15,"2,33,09,947","1,70,51,57,050.10","82,558","1,10,44,994",47.38
151,MSUMI,EQ,07-Feb-2024,72.9,73.3,73.85,70.2,70.85,70.5,71.25,"1,18,51,314","84,44,17,014.45","54,571","65,22,339",55.03
152,MSUMI,EQ,08-Feb-2024,70.5,71.95,72.7,69.85,72.0,71.75,71.38,"1,72,87,587","1,23,39,84,227.30","66,400","93,74,025",54.22
153,MSUMI,EQ,09-Feb-2024,71.75,72.0,72.1,67.85,68.95,68.95,69.13,"1,26,01,579","87,12,06,274.65","52,328","62,35,602",49.48
154,MSUMI,EQ,12-Feb-2024,68.95,69.35,69.85,66.0,66.5,66.55,67.54,"80,50,300","54,37,41,478.20","44,344","31,32,090",38.91
155,MSUMI,EQ,13-Feb-2024,66.55,66.55,69.4,64.6,68.2,67.5,66.39,"1,05,42,174","69,98,59,633.65","54,317","49,22,068",46.69
156,MSUMI,EQ,14-Feb-2024,67.5,67.45,69.95,66.35,69.85,69.8,68.96,"1,06,25,115","73,26,85,205.70","53,709","49,62,621",46.71
157,MSUMI,EQ,15-Feb-2024,69.8,70.35,71.0,69.2,70.4,70.6,70.11,"74,12,758","51,96,72,596.90","61,441","32,53,398",43.89
158,MSUMI,EQ,16-Feb-2024,70.6,70.1,74.8,70.1,72.6,72.35,72.87,"2,13,35,722","1,55,48,36,627.90","72,897","87,43,385",40.98
159,MSUMI,EQ,19-Feb-2024,72.35,72.8,73.75,72.6,73.1,73.1,72.96,"58,80,072","42,90,10,861.30","52,509","31,78,658",54.06
160,MSUMI,EQ,20-Feb-2024,73.1,73.25,73.3,71.3,71.85,71.75,71.89,"51,39,753","36,95,00,497.75","35,469","27,96,079",54.4
161,MSUMI,EQ,21-Feb-2024,71.75,72.0,72.15,69.7,70.0,69.95,70.46,"53,55,085","37,73,33,259.65","36,762","30,76,665",57.45
162,MSUMI,EQ,22-Feb-2024,69.95,70.1,71.4,68.85,71.2,71.2,70.27,"54,20,500","38,09,11,748.85","27,117","22,46,041",41.44
163,MSUMI,EQ,23-Feb-2024,71.2,71.55,71.55,70.0,70.35,70.25,70.52,"43,42,821","30,62,62,741.85","25,683","22,82,416",52.56
164,MSUMI,EQ,26-Feb-2024,70.25,71.0,72.85,70.55,72.45,72.45,71.84,"83,85,228","60,23,88,647.00","37,615","36,84,983",43.95
165,MSUMI,EQ,27-Feb-2024,72.45,73.0,73.7,71.5,72.35,72.0,72.69,"84,58,136","61,47,99,462.15","40,898","40,05,326",47.35
166,MSUMI,EQ,28-Feb-2024,72.0,72.2,73.05,70.05,70.4,71.05,71.39,"64,08,974","45,75,54,660.65","31,765","34,87,300",54.41
167,MSUMI,EQ,29-Feb-2024,71.05,70.7,70.7,68.7,70.15,70.15,69.86,"62,45,432","43,62,88,475.45","34,408","28,50,764",45.65
168,MSUMI,EQ,01-Mar-2024,70.15,70.35,71.8,69.6,70.3,70.0,70.32,"70,44,064","49,53,39,497.20","28,275","40,53,384",57.54
169,MSUMI,EQ,02-Mar-2024,70.0,70.3,71.7,70.1,71.45,71.45,71.18,"8,38,558","5,96,92,371.60","6,064","6,01,367",71.71
170,MSUMI,EQ,04-Mar-2024,71.45,71.7,71.7,69.65,70.05,69.95,70.15,"73,78,249","51,75,71,166.50","42,983","40,97,427",55.53
171,MSUMI,EQ,05-Mar-2024,69.95,70.5,71.35,69.55,70.6,70.4,70.46,"68,87,156","48,52,58,358.35","32,055","29,03,279",42.15
172,MSUMI,EQ,06-Mar-2024,70.4,70.8,71.3,69.0,70.2,70.1,69.87,"62,33,509","43,55,59,897.65","30,217","28,59,771",45.88
173,MSUMI,EQ,07-Mar-2024,70.1,68.5,70.1,67.2,67.75,67.7,68.5,"82,34,972","56,40,76,192.35","42,302","47,12,994",57.23
174,MSUMI,EQ,11-Mar-2024,67.7,68.1,68.1,65.8,66.25,66.15,66.38,"71,18,007","47,25,02,795.45","41,474","38,96,821",54.75
175,MSUMI,EQ,12-Mar-2024,66.15,66.15,66.4,63.15,65.15,64.65,64.58,"1,10,08,793","71,09,12,923.25","46,461","64,86,626",58.92
176,MSUMI,EQ,13-Mar-2024,64.65,64.65,65.95,61.0,61.5,61.55,62.46,"1,67,84,016","1,04,82,58,705.50","75,384","1,00,10,073",59.64
177,MSUMI,EQ,14-Mar-2024,61.55,61.1,64.25,60.15,63.95,63.6,63.17,"1,53,26,210","96,81,65,224.65","53,094","96,40,905",62.9
178,MSUMI,EQ,15-Mar-2024,63.6,63.9,64.8,62.0,62.85,62.4,62.6,"1,23,63,582","77,39,56,002.95","46,178","85,05,031",68.79
179,MSUMI,EQ,18-Mar-2024,62.4,62.9,64.3,62.05,62.3,62.25,62.71,"95,47,931","59,87,20,583.65","41,072","53,36,119",55.89
180,MSUMI,EQ,19-Mar-2024,62.25,62.7,63.2,61.3,62.3,61.9,62.21,"58,94,794","36,67,04,642.90","34,040","30,21,186",51.25
181,MSUMI,EQ,20-Mar-2024,61.9,62.55,62.95,61.1,61.45,61.5,61.66,"51,38,478","31,68,14,021.15","33,215","26,90,316",52.36
182,MSUMI,EQ,21-Mar-2024,61.5,62.4,63.15,62.0,62.8,62.75,62.46,"63,51,171","39,66,79,841.10","26,510","39,86,658",62.77
183,MSUMI,EQ,22-Mar-2024,62.75,62.85,64.1,62.6,63.95,63.95,63.48,"49,06,880","31,14,70,725.90","27,315","24,86,504",50.67
184,MSUMI,EQ,26-Mar-2024,63.95,63.8,65.15,63.45,64.7,64.8,64.19,"75,13,967","48,23,10,882.70","36,907","44,68,260",59.47
185,MSUMI,EQ,27-Mar-2024,64.8,64.9,67.3,64.8,65.2,65.3,66.06,"1,07,30,915","70,89,06,512.95","53,494","47,49,527",44.26
186,MSUMI,EQ,28-Mar-2024,65.3,66.0,66.8,64.85,65.85,66.1,65.53,"99,17,465","64,99,31,274.55","47,600","50,15,318",50.57
187,MSUMI,EQ,01-Apr-2024,66.1,66.7,67.85,66.2,67.4,67.5,67.27,"57,36,739","38,59,07,743.15","24,079","29,65,494",51.69
188,MSUMI,EQ,02-Apr-2024,67.5,68.2,68.75,67.6,68.75,68.55,68.18,"52,79,226","35,99,17,770.90","25,326","28,25,953",53.53
189,MSUMI,EQ,03-Apr-2024,68.55,68.75,70.9,68.0,70.7,70.65,69.59,"93,20,043","64,86,20,050.90","52,429","48,15,509",51.67
190,MSUMI,EQ,04-Apr-2024,70.65,71.2,71.3,69.35,70.6,70.6,70.41,"84,40,570","59,43,31,170.25","44,030","41,63,266",49.32
191,MSUMI,EQ,05-Apr-2024,70.6,71.0,71.55,69.9,70.2,70.35,70.83,"59,15,620","41,90,10,663.10","25,450","32,26,834",54.55
192,MSUMI,EQ,08-Apr-2024,70.35,70.7,70.7,69.3,70.2,69.95,69.78,"36,94,375","25,77,82,792.95","38,008","19,20,931",52.0
193,MSUMI,EQ,09-Apr-2024,69.95,70.3,70.65,68.2,68.3,68.35,69.09,"40,91,225","28,26,81,974.65","25,203","23,91,158",58.45
194,MSUMI,EQ,10-Apr-2024,68.35,68.85,69.5,68.35,68.75,68.8,68.8,"58,54,158","40,27,76,504.80","42,789","34,21,355",58.44
195,MSUMI,EQ,12-Apr-2024,68.8,69.45,70.2,68.35,69.5,69.6,69.27,"77,64,632","53,78,55,369.30","38,771","41,02,433",52.83
196,MSUMI,EQ,15-Apr-2024,69.6,67.4,69.45,65.85,68.9,68.85,68.11,"79,89,068","54,41,26,616.40","48,349","37,46,303",46.89
197,MSUMI,EQ,16-Apr-2024,68.85,68.45,72.4,67.55,70.3,70.8,71.1,"2,28,30,741","1,62,33,40,519.95","72,686","1,38,17,056",60.52
198,MSUMI,EQ,18-Apr-2024,70.8,70.95,71.3,69.65,69.95,70.05,70.38,"1,05,32,241","74,12,46,931.90","58,092","58,25,863",55.31
199,MSUMI,EQ,19-Apr-2024,70.05,70.0,70.7,67.85,70.2,70.15,69.73,"70,12,503","48,89,88,360.70","42,817","30,13,666",42.98
200,MSUMI,EQ,22-Apr-2024,70.15,70.55,70.55,69.4,69.6,69.6,69.86,"51,40,844","35,91,49,842.15","40,284","28,08,501",54.63
201,MSUMI,EQ,23-Apr-2024,69.6,69.7,72.35,69.5,71.25,71.1,71.49,"1,26,51,886","90,44,32,017.35","59,467","58,48,740",46.23
202,MSUMI,EQ,24-Apr-2024,71.1,71.55,72.2,70.6,71.05,70.95,71.48,"57,47,195","41,07,84,085.80","34,279","27,57,905",47.99
203,MSUMI,EQ,25-Apr-2024,70.95,71.1,71.3,69.8,70.2,70.2,70.48,"70,57,576","49,74,09,330.40","38,388","39,70,728",56.26
204,MSUMI,EQ,26-Apr-2024,70.2,70.25,71.05,69.25,69.75,69.55,69.99,"72,35,105","50,63,70,714.50","32,248","41,65,699",57.58
205,MSUMI,EQ,29-Apr-2024,69.55,70.0,70.4,69.15,69.7,69.55,69.75,"39,09,962","27,27,10,234.35","43,871","23,41,485",59.89
206,MSUMI,EQ,30-Apr-2024,69.55,69.7,69.95,69.0,69.2,69.05,69.32,"30,65,858","21,25,23,755.55","27,683","20,10,018",65.56
207,MSUMI,EQ,02-May-2024,69.05,69.45,69.65,68.6,68.9,68.9,69.06,"27,98,240","19,32,52,860.65","18,924","15,91,914",56.89
208,MSUMI,EQ,03-May-2024,68.9,69.0,69.25,67.9,68.3,68.45,68.37,"35,68,212","24,39,62,866.65","38,853","18,91,397",53.01
209,MSUMI,EQ,06-May-2024,68.45,68.7,68.95,67.8,68.55,68.65,68.28,"33,66,832","22,98,93,789.90","26,353","19,45,780",57.79
210,MSUMI,EQ,07-May-2024,68.65,68.65,68.95,67.3,68.0,68.0,68.02,"43,40,356","29,52,25,484.95","33,227","24,09,363",55.51
211,MSUMI,EQ,08-May-2024,68.0,67.5,69.3,67.35,69.15,68.95,68.27,"39,57,120","27,01,64,955.20","27,805","20,43,934",51.65
212,MSUMI,EQ,09-May-2024,68.95,69.5,69.65,67.8,68.05,68.55,68.91,"54,98,546","37,88,81,706.20","35,314","28,40,053",51.65
213,MSUMI,EQ,10-May-2024,68.55,68.55,68.7,67.1,67.5,67.5,67.76,"27,17,478","18,41,44,173.90","21,430","16,51,107",60.76
214,MSUMI,EQ,13-May-2024,67.5,67.5,67.95,66.15,67.35,67.15,67.04,"26,24,380","17,59,33,095.10","19,536","11,28,470",43.0
215,MSUMI,EQ,14-May-2024,67.15,67.3,68.6,67.3,68.2,68.2,68.07,"33,45,485","22,77,25,449.75","33,474","16,92,716",50.6
216,MSUMI,EQ,15-May-2024,68.2,68.25,69.15,68.1,68.8,68.65,68.67,"27,69,402","19,01,82,082.45","26,430","14,34,408",51.79
217,MSUMI,EQ,16-May-2024,68.65,69.35,70.9,67.85,68.5,69.5,69.13,"1,02,50,575","70,86,11,541.35","49,880","46,35,455",45.22
218,MSUMI,EQ,17-May-2024,69.5,71.0,71.0,68.35,68.55,68.65,69.22,"1,38,61,145","95,95,26,280.10","54,168","79,81,852",57.58
219,MSUMI,EQ,18-May-2024,68.65,69.0,69.95,69.0,69.25,69.2,69.38,"9,11,414","6,32,29,529.95","4,509","7,36,380",80.8
220,MSUMI,EQ,21-May-2024,69.2,69.75,69.75,68.2,69.15,69.25,68.97,"66,91,918","46,15,49,288.25","53,718","37,53,996",56.1
221,MSUMI,EQ,22-May-2024,69.25,69.75,69.75,68.25,68.5,68.45,68.67,"41,75,890","28,67,73,198.70","35,020","23,42,657",56.1
222,MSUMI,EQ,23-May-2024,68.45,68.55,68.75,68.15,68.4,68.35,68.41,"28,14,825","19,25,49,628.30","32,701","15,18,795",53.96
223,MSUMI,EQ,24-May-2024,68.35,68.55,69.3,67.8,68.1,68.05,68.32,"59,32,398","40,53,31,047.25","43,077","37,90,739",63.9
224,MSUMI,EQ,27-May-2024,68.05,68.65,68.65,67.65,67.95,67.85,68.04,"44,07,682","29,98,99,029.15","36,437","22,82,569",51.79
225,MSUMI,EQ,28-May-2024,67.85,68.2,68.25,66.65,67.2,67.1,67.3,"49,51,933","33,32,64,209.50","27,736","30,02,303",60.63
226,MSUMI,EQ,29-May-2024,67.1,67.0,67.65,66.35,66.95,66.6,66.93,"44,49,745","29,78,13,848.75","29,625","28,32,955",63.67
227,MSUMI,EQ,30-May-2024,66.6,66.8,67.7,66.25,66.75,66.7,66.74,"63,22,140","42,19,57,258.60","39,573","35,70,908",56.48
228,MSUMI,EQ,31-May-2024,66.7,67.2,68.0,66.7,67.3,67.65,67.32,"57,77,880","38,89,75,414.60","32,266","34,02,544",58.89
229,MSUMI,EQ,03-Jun-2024,67.65,70.0,70.35,67.15,67.85,67.65,68.16,"79,10,136","53,91,79,798.70","39,202","42,69,716",53.98
230,MSUMI,EQ,04-Jun-2024,67.65,67.95,67.95,62.3,65.1,64.55,64.93,"75,98,325","49,33,96,835.35","65,230","33,55,861",44.17
231,MSUMI,EQ,05-Jun-2024,64.55,64.6,65.05,62.35,64.0,64.15,63.64,"1,38,95,908","88,43,11,702.35","79,495","78,18,951",56.27
232,MSUMI,EQ,06-Jun-2024,64.15,65.7,67.5,64.5,67.05,67.15,66.61,"98,56,887","65,65,28,859.15","44,545","54,29,294",55.08
233,MSUMI,EQ,07-Jun-2024,67.15,67.3,68.2,67.1,67.95,67.9,67.68,"55,88,158","37,81,84,438.45","45,332","33,35,671",59.69
234,MSUMI,EQ,10-Jun-2024,67.9,68.4,68.9,67.63,68.67,68.59,68.16,"87,73,409","59,79,59,150.65","78,746","50,28,641",57.32
235,MSUMI,EQ,11-Jun-2024,68.59,69.4,69.4,68.6,68.7,68.74,68.95,"51,65,550","35,61,64,872.99","45,704","27,56,715",53.37
236,MSUMI,EQ,12-Jun-2024,68.74,69.19,69.25,68.35,68.98,69.02,68.86,"51,45,040","35,42,98,648.92","57,751","27,68,898",53.82
237,MSUMI,EQ,13-Jun-2024,69.02,69.06,74.3,68.64,72.64,72.62,72.25,"4,14,75,778","2,99,65,76,766.56","1,85,417","1,73,76,744",41.9
238,MSUMI,EQ,14-Jun-2024,72.62,72.8,76.64,72.66,73.98,73.91,74.79,"3,39,30,446","2,53,76,37,290.95","1,49,285","1,41,84,487",41.8
239,MSUMI,EQ,18-Jun-2024,73.91,75.0,79.0,74.8,78.85,78.75,77.62,"4,65,66,741","3,61,43,47,357.03","2,20,472","1,93,06,462",41.46
240,MSUMI,EQ,19-Jun-2024,78.75,79.81,80.0,76.21,76.9,76.74,77.27,"3,26,64,759","2,52,39,65,220.69","1,16,158","1,98,70,950",60.83
241,MSUMI,EQ,20-Jun-2024,76.74,77.2,77.33,75.6,75.87,75.83,76.17,"1,12,54,642","85,72,53,164.88","89,318","55,73,399",49.52
242,MSUMI,EQ,21-Jun-2024,75.83,76.45,77.45,74.75,76.35,76.09,76.06,"1,42,70,279","1,08,53,39,242.63","1,42,301","74,58,005",52.26
243,MSUMI,EQ,24-Jun-2024,76.09,76.0,76.43,74.9,76.21,76.0,75.58,"97,05,433","73,35,37,864.33","1,08,653","51,33,674",52.89
244,MSUMI,EQ,25-Jun-2024,76.0,76.5,77.8,75.4,75.5,75.61,76.59,"1,34,18,926","1,02,77,65,314.13","1,16,764","65,13,095",48.54
245,MSUMI,EQ,26-Jun-2024,75.61,75.5,77.5,75.2,75.55,75.44,76.28,"1,10,52,126","84,30,51,558.51","73,839","40,76,802",36.89
246,MSUMI,EQ,27-Jun-2024,75.44,75.46,75.84,74.0,74.33,74.16,74.89,"73,52,086","55,06,09,612.72","69,693","40,26,785",54.77
247,MSUMI,EQ,28-Jun-2024,74.16,74.2,75.6,73.59,74.92,75.31,74.63,"1,09,01,625","81,35,72,737.49","84,638","60,36,586",55.37
